"model","term","log_odds","se","OR","OR_low","OR_high","p"
"Model 1","(Intercept)",0.464583874318372,0.507449223271025,1.59135184871552,0.588595196978808,4.30244881271346,0.359914611574883
"Model 1","girl",-0.056819475686478,0.137895441328308,0.94476460695508,0.721015574494422,1.23794851890802,0.680304587608125
"Model 1","fam_resilience",0.281656419616347,0.0640293601514815,1.325323286669,1.16901191360801,1.5025354264919,1.08819206488668e-05
"Model 1","any_activity",0.0269839553107256,0.162348477658271,1.02735131909856,0.747351944495746,1.41225394625244,0.867991618119728
"Model 1","adhd_med",0.18674467927463,0.135611865026458,1.20531950271026,0.923989495254534,1.57230694837445,0.168495967833104
"Model 1","behav_treat",-0.0634136794829822,0.144654294866314,0.938555132368345,0.70685049638427,1.24621223441297,0.661110192241691
"Model 1","age",-0.0158914974610771,0.0197460569445929,0.984234106161312,0.946869717599775,1.02307292938543,0.420938877124195
"Model 1","severityModerate",-0.682160207187317,0.140203857230241,0.505523775909611,0.384058740762106,0.665404170994267,1.14174647015757e-06
"Model 1","severitySevere",-0.846857205295191,0.228437619344764,0.42876032236917,0.274008832089323,0.670910541957227,0.000209587837890734
"Model 1","race_ethHispanic",0.37576636558478,0.199450887084577,1.45610689734371,0.984956921680451,2.15262947020518,0.0595643689572246
"Model 1","race_ethNH Black",-0.00154647296821365,0.214628514252176,0.998454722204927,0.655590868348861,1.52063105272361,0.994251014444086
"Model 1","race_ethNH other/multiracial",-0.0268980097168501,0.188335794767714,0.9734605199756,0.672982355433745,1.40809840897004,0.886432796251593
"Model 1","fpl100-199%",-0.376314248718012,0.3458292629296,0.686386603037573,0.348492139574101,1.35190013010116,0.276528719725537
"Model 1","fpl200-399%",-0.470259960093559,0.327407804156554,0.624839813751326,0.328907324535473,1.18703587218741,0.150913405375676
"Model 1","fpl400%+",-0.404426235100854,0.366364477225804,0.667359608548527,0.325464915227195,1.36840816409089,0.269640676873705
"Model 1","parent_educSome college/associate",-0.164798240204702,0.183996200232089,0.848064792206859,0.591300581541327,1.21632535842618,0.370433789064512
"Model 1","parent_educHigh school",-0.128613800129789,0.216066931157658,0.879313490735068,0.57573661689432,1.34296168126234,0.55167649832896
"Model 1","parent_educLess than high school",0.126995654568773,0.461151638492715,1.13541208391564,0.459846952472167,2.80345578756377,0.783018117196116
"Model 1","insurancePublic only",-0.173875963237146,0.205308235522319,0.840401131829754,0.561985008415842,1.25674893779039,0.3970497260181
"Model 1","insurancePrivate and public",0.179052442843127,0.234776032865244,1.19608346854086,0.754946357766786,1.89498982146048,0.445670883070915
"Model 1","insuranceUninsured",0.499012853541687,0.392188967192251,1.64709454437767,0.763625707007941,3.55268348514423,0.203238629708131
"Model 1","n_cooccur",-0.3231348941651,0.0456685222245401,0.723876201105852,0.661897083762435,0.791658956327279,1.48740116557663e-12
"Model 2","(Intercept)",0.738058535431689,0.555392124469576,2.09187027748923,0.704328770328495,6.21289579836696,0.183882186979646
"Model 2","girl",-0.853585482993377,0.561764153442281,0.425885187055086,0.141614992549536,1.28078383007012,0.128643470504459
"Model 2","fam_resilience",0.246320904394716,0.0816694477222161,1.27931004389264,1.09007749152818,1.50139251670097,0.00256072758280115
"Model 2","any_activity",-0.155812402630291,0.201937761112181,0.855719706080454,0.576021429831256,1.27123085609667,0.440359512411627
"Model 2","adhd_med",0.158419886091829,0.162179389730338,1.17165805435933,0.852611132361227,1.61009227330085,0.328658838832242
"Model 2","behav_treat",-0.0682824367414545,0.173391848730309,0.933996641353097,0.664892131168407,1.31201691998655,0.693725609859241
"Model 2","age",-0.014674424174635,0.0201488363388715,0.985432720452287,0.947274709987028,1.02512780748817,0.466429152282823
"Model 2","severityModerate",-0.662597108686849,0.140992336743523,0.515510756967362,0.391041303625832,0.679599157646391,2.60766418525211e-06
"Model 2","severitySevere",-0.842377774830694,0.226011897659417,0.430685232450932,0.276550704732792,0.670726077630273,0.000193665606775387
"Model 2","race_ethHispanic",0.381253197497281,0.199737675720781,1.46411826956371,0.989819528500147,2.16569005313367,0.0562918239388407
"Model 2","race_ethNH Black",0.0114141738856019,0.216468171871209,1.01147956412337,0.661752643625696,1.5460322198847,0.957947745447181
"Model 2","race_ethNH other/multiracial",-0.0153571020497483,0.187927128839801,0.984760216914383,0.681339698209338,1.42330277740445,0.934870655671983
"Model 2","fpl100-199%",-0.359410671331204,0.34895930805062,0.698087607909711,0.352265222140879,1.38340738082344,0.303033434502156
"Model 2","fpl200-399%",-0.478704537782773,0.333576628021216,0.61958552176322,0.322221935972834,1.19137208216317,0.151268239388884
"Model 2","fpl400%+",-0.407611800224662,0.372114063033542,0.665237073586097,0.320794238233318,1.3795146898852,0.273343722351838
"Model 2","parent_educSome college/associate",-0.165488682808944,0.185022395477899,0.84747945423755,0.589705170529989,1.21793306426207,0.371094464075758
"Model 2","parent_educHigh school",-0.126318199604518,0.216267721249593,0.881334361915286,0.576832739957376,1.34657796565088,0.559164782208536
"Model 2","parent_educLess than high school",0.162610200702051,0.469794626168748,1.17657797102308,0.468514950408499,2.95473115786334,0.729244719820425
"Model 2","insurancePublic only",-0.204290975902875,0.210410580075679,0.815225125805594,0.539724900446873,1.23135324161344,0.331590164024815
"Model 2","insurancePrivate and public",0.167281757148888,0.239396503459396,1.18208727993326,0.739385835337547,1.88985272721935,0.484699272014835
"Model 2","insuranceUninsured",0.489062354861392,0.392495199624596,1.63078640391144,0.755611263776861,3.51961970747932,0.212751921298035
"Model 2","n_cooccur",-0.329661370971773,0.0454726547760252,0.719167223101156,0.657843791791949,0.786207153181738,4.17813392679482e-13
"Model 2","girl:fam_resilience",0.0987651458427703,0.126593490137097,1.10380703544439,0.861260646690454,1.41465882155236,0.435287551524055
"Model 2","girl:any_activity",0.507049266444891,0.329966431380256,1.66038460691497,0.869632179373548,3.1701644767402,0.124374326548881
"Model 2","girl:adhd_med",0.0868449777936454,0.275510386071467,1.09072757961556,0.635619364111562,1.87169667902881,0.752598496005937
"Model 2","girl:behav_treat",0.0275612577917714,0.264315742422818,1.02794458279381,0.612321628741399,1.72567816601069,0.916951916215549
