"support","sex","level","value","prob","prob_low","prob_high"
"fam_resilience","Boys","low",2,0.420548478176499,0.355990373456082,0.488357421410919
"fam_resilience","Boys","high",4,0.524550995179827,0.486601769508051,0.563206561636596
"fam_resilience","Girls","low",2,0.375634037815567,0.309934194180721,0.44635815123769
"fam_resilience","Girls","high",4,0.519724400768898,0.463394370713467,0.57404943580936
"any_activity","Boys","low",0,0.529576011311999,0.461183791782463,0.596713187113735
"any_activity","Boys","high",1,0.497394490332748,0.456743626564839,0.541188843565693
"any_activity","Girls","low",0,0.442837803355457,0.355428355554385,0.538361161915762
"any_activity","Girls","high",1,0.514502505053493,0.45744512654738,0.571698960101435
"adhd_med","Boys","low",0,0.487585338610231,0.433086808657435,0.541821227839594
"adhd_med","Boys","high",1,0.520162259903725,0.477799296376089,0.56170685601965
"adhd_med","Girls","low",0,0.466581164260985,0.403633103004593,0.530413396164213
"adhd_med","Girls","high",1,0.516559583071721,0.448028591022784,0.583618966813071
"behav_treat","Boys","low",0,0.512094179591595,0.469222845266436,0.554444274420238
"behav_treat","Boys","high",1,0.496728730577432,0.437402949868196,0.556281606395787
"behav_treat","Girls","low",0,0.4990052663325,0.434378013830714,0.562201082468543
"behav_treat","Girls","high",1,0.488928975714067,0.421619715051284,0.554682141997597
