"term","OR_2024","OR_2025","same_direction","ratio_2025_to_2024","ci_2024_excludes_1","ci_2025_excludes_1"
"M1 fam_resilience","1.42 (1.27-1.59)","1.33 (1.17-1.50)","yes","0.93","yes","yes"
"M1 any_activity","1.53 (1.14-2.05)","1.03 (0.75-1.41)","yes","0.67","yes","no"
"M1 adhd_med","1.31 (1.02-1.68)","1.21 (0.92-1.57)","yes","0.92","yes","no"
"M1 behav_treat","0.73 (0.58-0.92)","0.94 (0.71-1.25)","yes","1.28","yes","no"
"M2 boys fam_resilience","1.38 (1.20-1.59)","1.28 (1.09-1.50)","yes","0.93","yes","yes"
"M2 girls fam_resilience","1.48 (1.25-1.74)","1.41 (1.17-1.71)","yes","0.96","yes","yes"
"M2 boys any_activity","1.48 (1.01-2.16)","0.86 (0.58-1.27)","no","0.58","yes","no"
"M2 girls any_activity","1.57 (0.95-2.59)","1.42 (0.84-2.40)","yes","0.91","no","no"
"M2 boys adhd_med","1.60 (1.18-2.16)","1.17 (0.85-1.61)","yes","0.73","yes","no"
"M2 girls adhd_med","0.97 (0.66-1.40)","1.28 (0.81-2.01)","no","1.32","no","no"
"M2 boys behav_treat","0.61 (0.45-0.83)","0.93 (0.66-1.31)","yes","1.52","yes","no"
"M2 girls behav_treat","0.98 (0.68-1.39)","0.96 (0.62-1.48)","yes","0.98","no","no"
"M2 girl:fam_resilience","1.07 (0.86-1.32)","1.10 (0.86-1.41)","yes","1.03","no","no"
"M2 girl:any_activity","1.06 (0.55-2.04)","1.66 (0.87-3.17)","yes","1.57","no","no"
"M2 girl:adhd_med","0.60 (0.38-0.96)","1.09 (0.64-1.87)","no","1.81","yes","no"
"M2 girl:behav_treat","1.59 (1.00-2.53)","1.03 (0.61-1.73)","yes","0.65","no","no"
