"spec","term","log_or","se","OR","OR_low","OR_high"
"Primary (2024)","M1 fam_resilience",0.350948410948215,0.0585672729614963,1.42041404620821,1.2663725527985,1.59319313910194
"Primary (2024)","M1 any_activity",0.425753143615094,0.149775346465985,1.53074285484178,1.1413291046217,2.05302193570698
"Primary (2024)","M1 adhd_med",0.2685436233503,0.127687365390439,1.30805803765997,1.018444422481,1.68002867129331
"Primary (2024)","M1 behav_treat",-0.313768388592506,0.119203623876106,0.730688244295175,0.578447498277166,0.922997008270131
"Primary (2024)","M2 boys fam_resilience",0.323055623923354,0.0718228208298983,1.38134218444051,1.19995360686018,1.59015000213855
"Primary (2024)","M2 girls fam_resilience",0.388754188367566,0.0849151687998138,1.47514189972445,1.24897155606812,1.74226835971592
"Primary (2024)","M2 boys any_activity",0.391381105879904,0.193635420189709,1.47902207002635,1.0119262394683,2.16172503321431
"Primary (2024)","M2 girls any_activity",0.449123410389581,0.256411331494735,1.56693802169932,0.947960163399916,2.59008221932124
"Primary (2024)","M2 boys adhd_med",0.46931335020215,0.154613428953248,1.5988959346307,1.18089311517077,2.16485994958899
"Primary (2024)","M2 girls adhd_med",-0.0346435640620331,0.191064589696759,0.965949654075536,0.664227770896666,1.40472707569736
"Primary (2024)","M2 boys behav_treat",-0.487826337122988,0.153272316643859,0.613959485755879,0.454644230103135,0.829101581392805
"Primary (2024)","M2 girls behav_treat",-0.0253013851054263,0.182098469477373,0.975016012438377,0.682348751994548,1.39321164101554
"Primary (2024)","M2 girl:fam_resilience",0.0656985644442118,0.108070775983534,1.06790476417827,0.86405387527175,1.31984893302629
"Primary (2024)","M2 girl:any_activity",0.0577423045096774,0.335457715596882,1.05944194711807,0.548946211292573,2.04467617450249
"Primary (2024)","M2 girl:adhd_med",-0.503956914264184,0.23593282169414,0.604135411913875,0.380455810115038,0.959321913937887
"Primary (2024)","M2 girl:behav_treat",0.462524952017561,0.23837244687305,1.58807874959042,0.995325913845226,2.53383748962941
"S1 Ordinal outcome (2024)","M1 fam_resilience",0.341194794387571,0.0488431480946159,1.4066272172641,1.27821199709844,1.54794363754963
"S1 Ordinal outcome (2024)","M1 any_activity",0.554969001299579,0.135069442772875,1.74188698770426,1.33673876949984,2.26983038658234
"S1 Ordinal outcome (2024)","M1 adhd_med",0.296085296179171,0.12602495518323,1.34458483989038,1.05030057385619,1.72132476803787
"S1 Ordinal outcome (2024)","M1 behav_treat",-0.146786883599427,0.120188227680263,0.863477979127618,0.682252257938047,1.09284243732913
"S1 Ordinal outcome (2024)","M2 boys fam_resilience",0.3221746361138,0.0573035939215696,1.38012577471494,1.2335048538817,1.54417483485249
"S1 Ordinal outcome (2024)","M2 girls fam_resilience",0.368640428954855,0.0811651480906253,1.44576765401453,1.23313133939167,1.6950701378053
"S1 Ordinal outcome (2024)","M2 boys any_activity",0.50426771108838,0.165843026966965,1.65577257250587,1.19627836874491,2.29175991432419
"S1 Ordinal outcome (2024)","M2 girls any_activity",0.621589286142315,0.240020330308789,1.86188475933553,1.16317046782027,2.98031539911961
"S1 Ordinal outcome (2024)","M2 boys adhd_med",0.417613321132979,0.135984909614773,1.51833345341706,1.16309307250999,1.9820739459744
"S1 Ordinal outcome (2024)","M2 girls adhd_med",0.109410869378436,0.20616028972673,1.11562063054339,0.744782314586395,1.67110492142286
"S1 Ordinal outcome (2024)","M2 boys behav_treat",-0.275742647475544,0.145733248305872,0.75900823831493,0.570421445005797,1.00994363180732
"S1 Ordinal outcome (2024)","M2 girls behav_treat",0.0665283555957968,0.196965021236185,1.06879126985874,0.726495430289178,1.57236333623127
"S1 Ordinal outcome (2024)","M2 girl:fam_resilience",0.0464657928410553,0.0968633463747843,1.04756224432744,0.866419249232157,1.26657695649407
"S1 Ordinal outcome (2024)","M2 girl:any_activity",0.117321575053935,0.298289619267728,1.12448097658588,0.626675711484281,2.01772215442765
"S1 Ordinal outcome (2024)","M2 girl:adhd_med",-0.308202451754544,0.228996986677102,0.734766548173362,0.469054390689021,1.1510005897643
"S1 Ordinal outcome (2024)","M2 girl:behav_treat",0.342271003071341,0.242065817025808,1.40814185657794,0.876185021754597,2.26306480824794
"S2 + ACE count (2024)","M1 fam_resilience",0.338983102739596,0.0597232169991894,1.4035196293757,1.24847848438974,1.57781441544488
"S2 + ACE count (2024)","M1 any_activity",0.509110940404554,0.149906875323695,1.66381130978034,1.24022580614728,2.23206779026193
"S2 + ACE count (2024)","M1 adhd_med",0.253009137981089,0.130518780434969,1.28789504554143,0.997196266152423,1.66333720314656
"S2 + ACE count (2024)","M1 behav_treat",-0.341912955345635,0.122828490071518,0.710410039414286,0.558412805179156,0.903780177352291
"S2 + ACE count (2024)","M2 boys fam_resilience",0.304893213294767,0.0744145779791225,1.35648014122671,1.17238559199725,1.56948224722533
"S2 + ACE count (2024)","M2 girls fam_resilience",0.386578534093662,0.0847142201244653,1.47193598968622,1.24674812639251,1.73779732398929
"S2 + ACE count (2024)","M2 boys any_activity",0.531551114973198,0.195980122853249,1.70156959279762,1.15885224830375,2.49845403792542
"S2 + ACE count (2024)","M2 girls any_activity",0.4338318872913,0.257149654882987,1.54315942159865,0.932224665186237,2.55447113705465
"S2 + ACE count (2024)","M2 boys adhd_med",0.417676164025009,0.159851893186607,1.51842887288052,1.11000714626407,2.07712738585261
"S2 + ACE count (2024)","M2 girls adhd_med",0.0113855132330914,0.190015875854188,1.01145057487449,0.696947214550889,1.46787625239764
"S2 + ACE count (2024)","M2 boys behav_treat",-0.526704586566622,0.158940026272459,0.590547865967371,0.432476608675256,0.806394554070525
"S2 + ACE count (2024)","M2 girls behav_treat",-0.0316185525540394,0.182001521936325,0.968876086910184,0.678180680894558,1.38417518845887
"S2 + ACE count (2024)","M2 girl:fam_resilience",0.0816853207988947,0.110451025083272,1.08511429319939,0.873891818572795,1.34738992204848
"S2 + ACE count (2024)","M2 girl:any_activity",-0.0977192276818982,0.3404339723719,0.906903501408647,0.465347977974692,1.76743856166921
"S2 + ACE count (2024)","M2 girl:adhd_med",-0.406290650791918,0.237362679150005,0.666116531988571,0.418314598342479,1.06071180864027
"S2 + ACE count (2024)","M2 girl:behav_treat",0.495086034012583,0.240891526950204,1.64063938377472,1.02320375505644,2.63065647901599
"S3 Excluding autism (2024)","M1 fam_resilience",0.372278872234229,0.0608514044820713,1.4510375789666,1.28789630957019,1.63484438920082
"S3 Excluding autism (2024)","M1 any_activity",0.498089641945421,0.163489766741215,1.64557462930372,1.19440684618879,2.26716371330984
"S3 Excluding autism (2024)","M1 adhd_med",0.397718015469404,0.132633646518796,1.48842425810973,1.14769555678914,1.93030874697072
"S3 Excluding autism (2024)","M1 behav_treat",-0.371360701106973,0.129346837097612,0.689795086828995,0.535325395108306,0.88883745505321
"S3 Excluding autism (2024)","M2 boys fam_resilience",0.36558614987743,0.0842725229520689,1.44135861276679,1.22190608575047,1.70022448928312
"S3 Excluding autism (2024)","M2 girls fam_resilience",0.376075506690721,0.0847941364207387,1.45655710942626,1.23352879308629,1.71991008634023
"S3 Excluding autism (2024)","M2 boys any_activity",0.287429251613514,0.220011433526557,1.33299628149097,0.866066868451629,2.05166500555031
"S3 Excluding autism (2024)","M2 girls any_activity",0.818192465865261,0.212658980266198,2.26639953840483,1.49388612842216,3.43839250526202
"S3 Excluding autism (2024)","M2 boys adhd_med",0.598906189211806,0.169152162801928,1.8201268368035,1.30652109249113,2.53563583557288
"S3 Excluding autism (2024)","M2 girls adhd_med",0.120664856161831,0.189914463834518,1.12824672405964,0.777580974601857,1.63705223240974
"S3 Excluding autism (2024)","M2 boys behav_treat",-0.523580443031405,0.173467865492251,0.592395707222773,0.421650941783848,0.832282438291976
"S3 Excluding autism (2024)","M2 girls behav_treat",-0.164751436814794,0.180457415706274,0.848104485442877,0.595443977154365,1.20797463040231
"S3 Excluding autism (2024)","M2 girl:fam_resilience",0.0104893568132913,0.120684690871266,1.01054456297333,0.79767611304821,1.2802192482016
"S3 Excluding autism (2024)","M2 girl:any_activity",0.530763214251747,0.303265386243296,1.70022945290578,0.938345610840365,3.08072010902184
"S3 Excluding autism (2024)","M2 girl:adhd_med",-0.478241333049975,0.244708901607068,0.619872583188247,0.383709017642795,1.00138907797619
"S3 Excluding autism (2024)","M2 girl:behav_treat",0.358829006216611,0.248046819007994,1.43165197705247,0.880431844899913,2.32797961054128
"R1 Replication (2025)","M1 fam_resilience",0.281656419616347,0.0640293601514815,1.325323286669,1.16901191360801,1.5025354264919
"R1 Replication (2025)","M1 any_activity",0.0269839553107256,0.162348477658271,1.02735131909856,0.747351944495746,1.41225394625244
"R1 Replication (2025)","M1 adhd_med",0.18674467927463,0.135611865026458,1.20531950271026,0.923989495254534,1.57230694837445
"R1 Replication (2025)","M1 behav_treat",-0.0634136794829822,0.144654294866314,0.938555132368345,0.70685049638427,1.24621223441297
"R1 Replication (2025)","M2 boys fam_resilience",0.246320904394716,0.0816694477222161,1.27931004389264,1.09007749152818,1.50139251670097
"R1 Replication (2025)","M2 girls fam_resilience",0.345086050237487,0.0973358756781843,1.41211142696337,1.16684991081706,1.70892474145558
"R1 Replication (2025)","M2 boys any_activity",-0.155812402630291,0.201937761112181,0.855719706080454,0.576021429831256,1.27123085609667
"R1 Replication (2025)","M2 girls any_activity",0.3512368638146,0.266915674430563,1.42082382780979,0.842048337804009,2.3974162278341
"R1 Replication (2025)","M2 boys adhd_med",0.158419886091829,0.162179389730338,1.17165805435933,0.852611132361227,1.61009227330085
"R1 Replication (2025)","M2 girls adhd_med",0.245264863885474,0.229933032193832,1.27795975376843,0.814318363726267,2.00558062423956
"R1 Replication (2025)","M2 boys behav_treat",-0.0682824367414545,0.173391848730309,0.933996641353097,0.664892131168407,1.31201691998655
"R1 Replication (2025)","M2 girls behav_treat",-0.0407211789496831,0.221078388499491,0.960096787826527,0.622485576988122,1.48081477880154
"R1 Replication (2025)","M2 girl:fam_resilience",0.0987651458427703,0.126593490137097,1.10380703544439,0.861260646690454,1.41465882155236
"R1 Replication (2025)","M2 girl:any_activity",0.507049266444891,0.329966431380256,1.66038460691497,0.869632179373548,3.1701644767402
"R1 Replication (2025)","M2 girl:adhd_med",0.0868449777936454,0.275510386071467,1.09072757961556,0.635619364111562,1.87169667902881
"R1 Replication (2025)","M2 girl:behav_treat",0.0275612577917714,0.264315742422818,1.02794458279381,0.612321628741399,1.72567816601069
