"term","Primary (2024)","S1 Ordinal outcome (2024)","S2 + ACE count (2024)","S3 Excluding autism (2024)","R1 Replication (2025)"
"M1 fam_resilience","1.42 (1.27-1.59)","1.41 (1.28-1.55)","1.40 (1.25-1.58)","1.45 (1.29-1.63)","1.33 (1.17-1.50)"
"M1 any_activity","1.53 (1.14-2.05)","1.74 (1.34-2.27)","1.66 (1.24-2.23)","1.65 (1.19-2.27)","1.03 (0.75-1.41)"
"M1 adhd_med","1.31 (1.02-1.68)","1.34 (1.05-1.72)","1.29 (1.00-1.66)","1.49 (1.15-1.93)","1.21 (0.92-1.57)"
"M1 behav_treat","0.73 (0.58-0.92)","0.86 (0.68-1.09)","0.71 (0.56-0.90)","0.69 (0.54-0.89)","0.94 (0.71-1.25)"
"M2 boys fam_resilience","1.38 (1.20-1.59)","1.38 (1.23-1.54)","1.36 (1.17-1.57)","1.44 (1.22-1.70)","1.28 (1.09-1.50)"
"M2 girls fam_resilience","1.48 (1.25-1.74)","1.45 (1.23-1.70)","1.47 (1.25-1.74)","1.46 (1.23-1.72)","1.41 (1.17-1.71)"
"M2 boys any_activity","1.48 (1.01-2.16)","1.66 (1.20-2.29)","1.70 (1.16-2.50)","1.33 (0.87-2.05)","0.86 (0.58-1.27)"
"M2 girls any_activity","1.57 (0.95-2.59)","1.86 (1.16-2.98)","1.54 (0.93-2.55)","2.27 (1.49-3.44)","1.42 (0.84-2.40)"
"M2 boys adhd_med","1.60 (1.18-2.16)","1.52 (1.16-1.98)","1.52 (1.11-2.08)","1.82 (1.31-2.54)","1.17 (0.85-1.61)"
"M2 girls adhd_med","0.97 (0.66-1.40)","1.12 (0.74-1.67)","1.01 (0.70-1.47)","1.13 (0.78-1.64)","1.28 (0.81-2.01)"
"M2 boys behav_treat","0.61 (0.45-0.83)","0.76 (0.57-1.01)","0.59 (0.43-0.81)","0.59 (0.42-0.83)","0.93 (0.66-1.31)"
"M2 girls behav_treat","0.98 (0.68-1.39)","1.07 (0.73-1.57)","0.97 (0.68-1.38)","0.85 (0.60-1.21)","0.96 (0.62-1.48)"
"M2 girl:fam_resilience","1.07 (0.86-1.32)","1.05 (0.87-1.27)","1.09 (0.87-1.35)","1.01 (0.80-1.28)","1.10 (0.86-1.41)"
"M2 girl:any_activity","1.06 (0.55-2.04)","1.12 (0.63-2.02)","0.91 (0.47-1.77)","1.70 (0.94-3.08)","1.66 (0.87-3.17)"
"M2 girl:adhd_med","0.60 (0.38-0.96)","0.73 (0.47-1.15)","0.67 (0.42-1.06)","0.62 (0.38-1.00)","1.09 (0.64-1.87)"
"M2 girl:behav_treat","1.59 (1.00-2.53)","1.41 (0.88-2.26)","1.64 (1.02-2.63)","1.43 (0.88-2.33)","1.03 (0.61-1.73)"
