"characteristic","boys","girls","all"
"Usually/always works to finish tasks (primary outcome), %","48.6 (45.4-51.7)","51.0 (46.7-55.4)","49.5 (46.9-52.0)"
"Usually/always stays calm when challenged (secondary outcome), %","35.5 (32.6-38.4)","42.8 (38.3-47.3)","38.2 (35.6-40.7)"
"Resilient family, all 4 items (DRC indicator), %","81.5 (79.4-83.6)","81.1 (77.9-84.3)","81.3 (79.6-83.1)"
"Any organized activity, past 12 months, %","69.1 (65.7-72.5)","75.1 (70.6-79.5)","71.3 (68.6-74.0)"
"Currently taking ADHD medication, %","57.8 (54.6-60.9)","57.2 (52.6-61.7)","57.6 (54.9-60.2)"
"Behavioral treatment, past 12 months, %","48.1 (44.9-51.3)","50.1 (45.8-54.5)","48.9 (46.3-51.5)"
"Family resilience count (0-4), mean","3.56 (3.50-3.62)","3.59 (3.51-3.66)","3.57 (3.53-3.62)"
"Age in years, mean","11.89 (11.70-12.09)","12.34 (12.05-12.63)","12.06 (11.89-12.22)"
"Co-occurring conditions (0-9), mean","2.02 (1.92-2.12)","2.02 (1.82-2.21)","2.02 (1.92-2.11)"
"severity: Mild","38.1 (34.9-41.2)","41.8 (37.5-46.0)","39.4 (36.9-41.9)"
"severity: Moderate","45.0 (41.9-48.1)","46.6 (42.2-51.0)","45.6 (43.0-48.2)"
"severity: Severe","16.9 (14.4-19.4)","11.6 (8.7-14.5)","15.0 (13.0-16.9)"
"race_eth: NH White","57.9 (54.7-61.1)","59.8 (55.0-64.6)","58.6 (55.9-61.3)"
"race_eth: Hispanic","19.4 (16.6-22.1)","15.9 (12.8-19.0)","18.1 (16.0-20.2)"
"race_eth: NH Black","12.9 (10.4-15.4)","13.5 (9.9-17.1)","13.1 (11.0-15.2)"
"race_eth: NH other/multiracial","9.8 (8.2-11.5)","10.8 (6.2-15.4)","10.2 (8.2-12.2)"
"parent_educ: College degree+","53.4 (50.2-56.6)","55.0 (50.5-59.6)","54.0 (51.4-56.6)"
"parent_educ: Some college/associate","21.5 (19.2-23.8)","20.8 (17.8-23.8)","21.3 (19.4-23.1)"
"parent_educ: High school","18.2 (15.3-21.2)","17.6 (14.3-20.9)","18.0 (15.8-20.2)"
"parent_educ: Less than high school","6.8 (4.2-9.4)","6.5 (1.9-11.2)","6.7 (4.4-9.1)"
"insurance: Private only","53.1 (49.8-56.3)","54.0 (49.4-58.5)","53.4 (50.7-56.1)"
"insurance: Public only","32.5 (29.1-35.9)","31.1 (26.2-35.9)","32.0 (29.2-34.7)"
"insurance: Private and public","9.8 (7.8-11.8)","7.5 (5.5-9.5)","9.0 (7.5-10.4)"
"insurance: Uninsured","4.6 (3.3-6.0)","7.5 (4.7-10.3)","5.7 (4.3-7.0)"
"Household income (% FPL, 6 implicates): <100%","17.1 (13.7-20.6)","16.8 (13.3-20.2)","17.0 (14.5-19.5)"
"Household income (% FPL, 6 implicates): 100-199%","19.8 (16.6-23.0)","19.8 (15.1-24.5)","19.8 (17.2-22.4)"
"Household income (% FPL, 6 implicates): 200-399%","25.6 (22.8-28.4)","26.9 (23.2-30.6)","26.1 (23.9-28.3)"
"Household income (% FPL, 6 implicates): 400%+","37.5 (34.5-40.4)","36.6 (32.5-40.7)","37.1 (34.7-39.6)"
